1,-122.445368,37.782551,00:00:00,"2570 Geary Boulevard, San Francisco, CA 94121, USA"
1,-122.444586,37.782745,00:00:04,"2500 Geary Boulevard, San Francisco, CA 94115, USA"
1,-122.443688,37.782842,00:00:08,"2448-52 Geary Boulevard, San Francisco, CA 94121, USA"
1,-122.442815,37.782919,00:00:12,"1303 Baker Street, San Francisco, CA 94115, USA"
1,-122.442112,37.782992,00:00:16,"2340 Geary Boulevard, San Francisco, CA 94115, USA"
1,-122.441461,37.7831,00:00:20,"2302 Geary Boulevard, San Francisco, CA 94121, USA"
1,-122.440829,37.783206,00:00:24,"2238 Geary Boulevard, San Francisco, CA 94115, USA"
1,-122.440324,37.783273,00:00:28,"2238 Geary Boulevard, San Francisco, CA 94115, USA"
1,-122.440023,37.783316,00:00:32,"2230 Geary Boulevard, San Francisco, CA 94115, USA"
1,-122.439794,37.783357,00:00:36,"2230 Geary Boulevard, San Francisco, CA 94115, USA"
1,-122.439687,37.783371,00:00:40,"2200-2230 Geary Boulevard, San Francisco, CA 94115, USA"
1,-122.439666,37.783368,00:00:56,"2200-2230 Geary Boulevard, San Francisco, CA 94115, USA"
1,-122.439594,37.783383,00:01:00,"2200-2230 Geary Boulevard, San Francisco, CA 94115, USA"
1,-122.439525,37.783508,00:01:04,"1501 Divisadero Street, San Francisco, CA 94115, USA"
1,-122.439591,37.783842,00:01:08,"Garden Street, San Francisco, CA 94115, USA"
1,-122.439668,37.784147,00:01:12,"1593 Divisadero Street, San Francisco, CA 94115, USA"
1,-122.439686,37.784206,00:01:16,"1593 Divisadero Street, San Francisco, CA 94115, USA"
1,-122.43979,37.784386,00:01:24,"1601-1635 Divisadero Street, San Francisco, CA 94115, USA"
1,-122.439902,37.784701,00:01:28,"1635 Divisadero Street, San Francisco, CA 94123, USA"
1,-122.439938,37.784965,00:01:32,"1651 Divisadero Street, San Francisco, CA 94115, USA"
1,-122.439947,37.78501,00:01:40,"1653 Divisadero Street, San Francisco, CA 94123, USA"
1,-122.439952,37.78536,00:01:48,"1701 Divisadero Street Ste 500, San Francisco, CA 94115, USA"
1,-122.44003,37.785715,00:01:52,"1701-1743 Divisadero Street, San Francisco, CA 94115, USA"
1,-122.440119,37.786117,00:01:56,"1743-1799 Divisadero Street, San Francisco, CA 94115, USA"
1,-122.440209,37.786564,00:02:00,"1831-1833 Divisadero Street, San Francisco, CA 94123, USA"
1,-122.44027,37.786905,00:02:04,"1853 Divisadero Street, San Francisco, CA 94123, USA"
1,-122.440279,37.786956,00:02:08,"1853-1899 Divisadero Street, San Francisco, CA 94115, USA"
2,-122.43352,37.800224,00:00:00,"1900-1998 El Camino Real, San Francisco, CA 94123, USA"
2,-122.434101,37.800155,00:00:04,"1900-1998 El Camino Real, San Francisco, CA 94123, USA"
2,-122.43443,37.80016,00:00:08,"3184-3226 Webster Street, San Francisco, CA 94123, USA"
2,-122.434527,37.800378,00:00:12,"3201 Webster Street, San Francisco, CA 94123, USA"
2,-122.434598,37.800738,00:00:16,"3257-3299 Webster Street, San Francisco, CA 94123, USA"
2,-122.43465,37.800938,00:00:20,"3257-3299 Webster Street, San Francisco, CA 94123, USA"
2,-122.434889,37.801024,00:00:24,"1900-1998 Chestnut Street, San Francisco, CA 94123, USA"
2,-122.435392,37.800955,00:00:28,"1900-1998 Chestnut Street, San Francisco, CA 94123, USA"
2,-122.435959,37.800886,00:00:32,"1900-1998 Chestnut Street, San Francisco, CA 94123, USA"
2,-122.436275,37.800811,00:00:36,"3400-3598 Fillmore Street, San Francisco, CA 94123, USA"
2,-122.436299,37.800788,00:00:40,"3401-3599 Fillmore Street, San Francisco, CA 94123, USA"
2,-122.436302,37.800719,00:00:48,"3375-3399 Fillmore Street, San Francisco, CA 94123, USA"
2,-122.436298,37.800702,00:00:52,"3375-3399 Fillmore Street, San Francisco, CA 94123, USA"
2,-122.436273,37.800661,00:01:16,"3375-3399 Fillmore Street, San Francisco, CA 94123, USA"
2,-122.436172,37.800395,00:01:20,"3334 Fillmore Street, San Francisco, CA 94117, USA"
2,-122.436116,37.800228,00:01:24,"3318 Fillmore Street, San Francisco, CA 94117, USA"
2,-122.43613,37.800169,00:01:32,"3300-3318 Fillmore Street, San Francisco, CA 94123, USA"
2,-122.436167,37.800066,00:02:28,"3309 Fillmore Street, San Francisco, CA 94117, USA"
3,-122.422922,37.784345,00:00:00,"1051-1099 Franklin Street, San Francisco, CA 94109, USA"
3,-122.422926,37.784389,00:00:06,"1051-1099 Franklin Street, San Francisco, CA 94109, USA"
3,-122.422924,37.784437,00:00:12,"1051-1099 Franklin Street, San Francisco, CA 94109, USA"
3,-122.422818,37.784746,00:00:36,"1100 Franklin Street, San Francisco, CA 94109, USA"
3,-122.422959,37.785436,00:00:42,"1188-1198 Franklin Street, San Francisco, CA 94109, USA"
3,-122.423112,37.78612,00:00:48,"1258-1298 Franklin Street, San Francisco, CA 94109, USA"
3,-122.423029,37.786433,00:00:54,"1255 Post Street, San Francisco, CA 94109, USA"
3,-122.421213,37.786631,00:01:00,"1161-1199 Post Street, San Francisco, CA 94109, USA"
3,-122.421033,37.78666,00:01:06,"1161-1199 Post Street, San Francisco, CA 94109, USA"
3,-122.420141,37.786801,00:01:12,"1101-1115 Post Street, San Francisco, CA 94109, USA"
3,-122.420034,37.786823,00:01:18,"1065-1101 Post Street, San Francisco, CA 94109, USA"
3,-122.419916,37.786831,00:01:54,"1052-1098 Polk Street, San Francisco, CA 94109, USA"
3,-122.418208,37.787034,00:02:00,"980 Post Street, San Francisco, CA 94109, USA"
3,-122.418034,37.787056,00:02:06,"989-999 Post Street, San Francisco, CA 94109, USA"
3,-122.417145,37.787169,00:02:12,"927-939 Post Street, San Francisco, CA 94109, USA"
3,-122.416715,37.787217,00:02:18,"901 Post Street, San Francisco, CA 94109, USA"
3,-122.416403,37.786144,00:02:24,"538-598 Hyde Street, San Francisco, CA 94109, USA"
3,-122.416257,37.785292,00:02:30,"468-498 Hyde Street, San Francisco, CA 94109, USA"
4,-122.390374,37.780666,00:00:00,"95-99 Townsend Street, San Francisco, CA 94107, USA"
4,-122.391281,37.780501,00:00:04,"35-99 Stanford Street, San Francisco, CA 94107, USA"
4,-122.392052,37.780148,00:00:16,"136 San Francisco Bicycle Route 36, San Francisco, CA 94103, USA"
4,-122.391148,37.780173,00:01:00,"130 Townsend Street, San Francisco, CA 94107, USA"
4,-122.390592,37.780693,00:01:28,"699 2nd Street, San Francisco, CA 94107, USA"
4,-122.391142,37.781261,00:01:36,"625 2nd Street, San Francisco, CA 94107, USA"
4,-122.39173,37.781808,00:01:40,"611 2nd Street, San Francisco, CA 94107, USA"
4,-122.392341,37.78234,00:01:48,"577 De Boom Street, San Francisco, CA 94107, USA"
4,-122.393022,37.782812,00:01:56,"70-98 Federal Street, San Francisco, CA 94107, USA"
4,-122.393672,37.7833,00:02:36,"465-499 2nd Street, San Francisco, CA 94107, USA"
4,-122.394275,37.783809,00:02:44,"6990 Dwight D. Eisenhower Highway, San Francisco, CA 94107, USA"
4,-122.394979,37.784246,00:02:52,"401-411 2nd Street, San Francisco, CA 94107, USA"
4,-122.395958,37.784791,00:03:00,"3 Dow Place, San Francisco, CA 94107, USA"
4,-122.396746,37.785675,00:03:08,"Second Street & Folsom Street, San Francisco, CA 94105, USA"
4,-122.39578,37.786262,00:03:20,"529-559 Folsom Street, San Francisco, CA 94105, USA"
4,-122.395093,37.786776,00:03:24,"521-527 Folsom Street, San Francisco, CA 94105, USA"
4,-122.394426,37.787282,00:03:52,"301-331 1st Street, San Francisco, CA 94105, USA"
4,-122.393767,37.787783,00:04:00,"401 Folsom Street, San Francisco, CA 94105, USA"
4,-122.393184,37.788343,00:04:24,"345-349 Folsom Street, San Francisco, CA 94105, USA"
4,-122.392506,37.788895,00:04:32,"257-299 Folsom Street, San Francisco, CA 94105, USA"
4,-122.391701,37.789371,00:05:04,"301-321 Main Street, San Francisco, CA 94105, USA"
4,-122.390952,37.789722,00:05:08,"300 Spear Street, San Francisco, CA 94105, USA"
4,-122.390305,37.790315,00:05:16,"47 Folsom Street, San Francisco, CA 94105, USA"
4,-122.389616,37.790738,00:05:36,"327-351 The Embarcadero, San Francisco, CA 94105, USA"
5,-122.438702,37.779448,00:00:00,"1051-1099 Divisadero Street, San Francisco, CA 94115, USA"
5,-122.438585,37.779023,00:00:04,"1008 Divisadero Street, San Francisco, CA 94123, USA"
5,-122.438492,37.778542,00:00:08,"938 Divisadero Street, San Francisco, CA 94115, USA"
5,-122.438411,37.7781,00:00:12,"905-909 Divisadero Street, San Francisco, CA 94115, USA"
5,-122.438376,37.777986,00:00:16,"938 Divisadero Street, San Francisco, CA 94115, USA"
5,-122.438313,37.77768,00:00:32,"860-898 Divisadero Street, San Francisco, CA 94117, USA"
5,-122.438273,37.777316,00:00:36,"823 Divisadero Street, San Francisco, CA 94123, USA"
5,-122.438254,37.777135,00:00:40,"813 Divisadero Street, San Francisco, CA 94117, USA"
5,-122.438303,37.776987,00:00:44,"803 Divisadero Street, San Francisco, CA 94123, USA"
5,-122.438404,37.776946,00:00:48,"1302 Fulton Street, San Francisco, CA 94117, USA"
5,-122.438467,37.776944,00:00:52,"1302 Fulton Street, San Francisco, CA 94117, USA"
5,-122.438459,37.776892,00:03:44,"1302 Fulton Street, San Francisco, CA 94117, USA"
5,-122.438442,37.776842,00:03:48,"1302-1306 Fulton Street, San Francisco, CA 94117, USA"
5,-122.438391,37.776822,00:04:08,"1333 Fulton Street, San Francisco, CA 94117, USA"
5,-122.438412,37.776814,00:04:32,"1333 Fulton Street, San Francisco, CA 94117, USA"
5,-122.438628,37.776787,00:04:36,"1301 Fulton Street, San Francisco, CA 94117, USA"
5,-122.43865,37.776729,00:04:40,"1301 Fulton Street, San Francisco, CA 94117, USA"
5,-122.438677,37.776759,00:04:44,"1301 Fulton Street, San Francisco, CA 94117, USA"
5,-122.438498,37.776772,00:04:48,"1323 Fulton Street, San Francisco, CA 94117, USA"
5,-122.438389,37.776787,00:04:52,"1333 Fulton Street, San Francisco, CA 94117, USA"
5,-122.438283,37.776848,00:05:08,"1333 Fulton Street, San Francisco, CA 94117, USA"
5,-122.438239,37.77687,00:05:12,"1300 Fulton Street, San Francisco, CA 94117, USA"
5,-122.438198,37.777015,00:05:16,"803 Divisadero Street, San Francisco, CA 94123, USA"
5,-122.438256,37.777333,00:05:20,"835 Divisadero Street, San Francisco, CA 94123, USA"
5,-122.438308,37.777595,00:05:24,"855-857 Divisadero Street, San Francisco, CA 94117, USA"
5,-122.438344,37.777797,00:05:28,"1598 McAllister Street, San Francisco, CA 94115, USA"
5,-122.438442,37.77816,00:05:32,"909-919 Divisadero Street, San Francisco, CA 94115, USA"
5,-122.438508,37.778414,00:05:36,"923-999 Divisadero Street, San Francisco, CA 94115, USA"
5,-122.438516,37.778445,00:05:40,"923-999 Divisadero Street, San Francisco, CA 94115, USA"
5,-122.438529,37.778503,00:05:44,"923-999 Divisadero Street, San Francisco, CA 94115, USA"
5,-122.438549,37.778607,00:05:48,"923-999 Divisadero Street, San Francisco, CA 94115, USA"
5,-122.438644,37.77867,00:05:52,"1713 Golden Gate Avenue, San Francisco, CA 94115, USA"
5,-122.438706,37.778847,00:05:56,"1017 Divisadero Street, San Francisco, CA 94115, USA"
5,-122.438744,37.77924,00:06:00,"1033 Divisadero Street, San Francisco, CA 94123, USA"
5,-122.438822,37.779738,00:06:04,"1101-1115 Divisadero Street, San Francisco, CA 94115, USA"
5,-122.438882,37.780201,00:06:08,"1179 Divisadero Street, San Francisco, CA 94115, USA"
5,-122.438905,37.7804,00:06:12,"1179 Divisadero Street, San Francisco, CA 94115, USA"
5,-122.438921,37.780501,00:06:16,"1179 Divisadero Street, San Francisco, CA 94115, USA"
5,-122.438986,37.780892,00:06:20,"1201 Divisadero Street, San Francisco, CA 94115, USA"
5,-122.439087,37.781446,00:06:24,"1245 Divisadero Street, San Francisco, CA 94115, USA"
5,-122.439199,37.781985,00:06:28,"1325 Divisadero Street, San Francisco, CA 94123, USA"
5,-122.439249,37.782239,00:06:32,"1347-1363 Divisadero Street, San Francisco, CA 94115, USA"
5,-122.439266,37.782286,00:06:40,"1363 Divisadero Street, San Francisco, CA 94155, USA"
6,-122.429388,37.797847,00:00:00,"1823 Union Street, San Francisco, CA 94123, USA"
6,-122.42918,37.797874,00:00:04,"1821 Union Street, San Francisco, CA 94123, USA"
6,-122.429069,37.797885,00:00:12,"1801 Union Street, San Francisco, CA 94123, USA"
6,-122.42905,37.797887,00:00:16,"1801 Union Street, San Francisco, CA 94123, USA"
6,-122.428954,37.797933,00:00:20,"1800-1804 Union Street, San Francisco, CA 94123, USA"
6,-122.42899,37.798242,00:00:24,"2827 Octavia Street, San Francisco, CA 94123, USA"
6,-122.429075,37.798617,00:00:28,"2857 Octavia Street, San Francisco, CA 94123, USA"
6,-122.429092,37.798719,00:00:32,"2865,2867 Octavia Street, San Francisco, CA 94123, USA"
6,-122.429145,37.798944,00:00:36,"2901-2907 Octavia Street, San Francisco, CA 94123, USA"
6,-122.429251,37.79932,00:00:40,"2931-2949 Octavia Street, San Francisco, CA 94123, USA"
6,-122.429309,37.79959,00:00:44,"2955-2999 Octavia Street, San Francisco, CA 94123, USA"
6,-122.429324,37.799677,00:00:48,"2955-2999 Octavia Street, San Francisco, CA 94123, USA"
6,-122.42936,37.799966,00:00:52,"3003,3001 Octavia Street, San Francisco, CA 94123, USA"
6,-122.42943,37.800288,00:00:56,"3043,3045 Octavia Street, San Francisco, CA 94123, USA"
6,-122.429461,37.800443,00:01:00,"3043,3045 Octavia Street, San Francisco, CA 94123, USA"
6,-122.429474,37.800465,00:01:44,"3043,3045 Octavia Street, San Francisco, CA 94123, USA"
6,-122.42954,37.800644,00:01:48,"1701 Lombard Street, San Francisco, CA 94111, USA"
6,-122.42962,37.800948,00:01:52,"3105 Octavia Street, San Francisco, CA 94123, USA"
6,-122.429685,37.801242,00:01:56,"3145-3155 Octavia Street, San Francisco, CA 94123, USA"
6,-122.429702,37.801375,00:02:00,"3155 Octavia Street, San Francisco, CA 94123, USA"
6,-122.429703,37.8014,00:02:04,"3155 Octavia Street, San Francisco, CA 94123, USA"
6,-122.429707,37.801453,00:02:12,"3155 Octavia Street, San Francisco, CA 94123, USA"
6,-122.429709,37.801473,00:02:16,"3155 Octavia Street, San Francisco, CA 94123, USA"
6,-122.429707,37.801532,00:02:20,"3155-3199 Octavia Street, San Francisco, CA 94123, USA"
6,-122.429729,37.801852,00:02:24,"3201-3215 Octavia Street, San Francisco, CA 94123, USA"
6,-122.429789,37.802173,00:02:28,"3233-3237 Octavia Street, San Francisco, CA 94123, USA"
6,-122.429847,37.802459,00:02:32,"3255 Octavia Street, San Francisco, CA 94123, USA"
6,-122.429825,37.802554,00:02:36,"3256 Octavia Street, San Francisco, CA 94123, USA"
6,-122.429549,37.802647,00:02:40,"1490 Francisco Street, San Francisco, CA 94133, USA"
6,-122.429179,37.802693,00:02:44,"1452-1458 Francisco Street, San Francisco, CA 94123, USA"
6,-122.428751,37.802729,00:02:48,"1423 Francisco Street, San Francisco, CA 94133, USA"
7,-122.409291,37.766104,00:00:00,"2300 16Th Street - #285, Potrero Center, San Francisco, CA 94103, USA"
7,-122.409268,37.766103,00:00:04,"2300 16Th Street - #285, Potrero Center, San Francisco, CA 94103, USA"
7,-122.409229,37.766138,00:00:10,"2300 16Th Street - #285, Potrero Center, San Francisco, CA 94103, USA"
7,-122.409231,37.766183,00:00:22,"2300 16Th Street - #285, Potrero Center, San Francisco, CA 94103, USA"
7,-122.409276,37.766153,00:00:40,"2300 16Th Street - #285, Potrero Center, San Francisco, CA 94103, USA"
7,-122.409365,37.766005,00:00:46,"2300 - 16th St. Unit No.203, Potrero Center, San Francisco, CA 94103, USA"
7,-122.40957,37.765897,00:00:52,"2302-2398 16th Street, Potrero Center, San Francisco, CA 94103, USA"
7,-122.409739,37.765767,00:00:58,"16th St & Bryant St, Potrero Center, San Francisco, CA 94103, USA"
7,-122.410389,37.765693,00:01:04,"2376-2398 16th Street, San Francisco, CA 94103, USA"
7,-122.411201,37.765615,00:01:10,"2400-2440 16th Street, San Francisco, CA 94103, USA"
7,-122.412121,37.765533,00:01:16,"2500-2598 16th Street, San Francisco, CA 94103, USA"
7,-122.412939,37.765467,00:01:22,"2601-2699 16th Street, San Francisco, CA 94103, USA"
7,-122.414821,37.765444,00:01:28,"2736-2798 16th Street, San Francisco, CA 94103, USA"
7,-122.414964,37.765444,00:01:34,"2736-2798 16th Street, San Francisco, CA 94103, USA"
7,-122.415424,37.765318,00:01:40,"2801-2851 16th Street, San Francisco, CA 94103, USA"
7,-122.415296,37.763961,00:01:46,"2084-2098 Folsom Street, San Francisco, CA 94110, USA"
7,-122.415196,37.763115,00:01:52,"2132 Folsom Street, San Francisco, CA 94105, USA"
7,-122.415183,37.762967,00:01:58,"2140 Folsom Street, San Francisco, CA 94110, USA"
7,-122.415127,37.762278,00:02:04,"2194 Folsom Street, San Francisco, CA 94110, USA"
7,-122.415055,37.761675,00:02:10,"2214-2270 Folsom Street, San Francisco, CA 94110, USA"
7,-122.414988,37.760932,00:02:16,"2270 Folsom Street, San Francisco, CA 94105, USA"
7,-122.414862,37.759337,00:02:22,"2374 Folsom Street, San Francisco, CA 94110, USA"
8,-122.421922,37.773187,00:00:00,"1686 Market Street, San Francisco, CA 94102, USA"
8,-122.422118,37.773043,00:00:06,"1665 Market Street, San Francisco, CA 94103, USA"
8,-122.422165,37.773007,00:00:11,"1700 Market Street, San Francisco, CA 94102, USA"
8,-122.422219,37.772979,00:00:17,"61 Gough Street, San Francisco, CA 94102, USA"
8,-122.422394,37.772865,00:00:23,"1700 Market Street, San Francisco, CA 94102, USA"
8,-122.422503,37.772779,00:00:29,"1710 Market Street, San Francisco, CA 94103, USA"
8,-122.422701,37.772676,00:00:35,"1720 Market Street, San Francisco, CA 94103, USA"
8,-122.422806,37.772606,00:00:41,"1720 Market Street, San Francisco, CA 94102, USA"
8,-122.42284,37.772566,00:00:53,"1720 Market Street, San Francisco, CA 94102, USA"
8,-122.422852,37.772508,00:01:05,"1748 Market Street #201, San Francisco, CA 94102, USA"
8,-122.423011,37.772387,00:01:41,"1760 Market Street, San Francisco, CA 94103, USA"
8,-122.423328,37.772099,00:01:47,"1772 Market Street, San Francisco, CA 94103, USA"
8,-122.423783,37.771704,00:01:53,"1800 Market Street, San Francisco, CA 94102, USA"
8,-122.424081,37.771481,00:01:59,"1817 Market Street, San Francisco, CA 94103, USA"
8,-122.424179,37.7714,00:02:05,"1817 Market Street, San Francisco, CA 94103, USA"
8,-122.42422,37.771352,00:02:17,"1844 Market Street, San Francisco, CA 94102, USA"
8,-122.424327,37.771248,00:02:23,"1828 Market Street, San Francisco, CA 94103, USA"
8,-122.424781,37.770904,00:02:29,"1878 Market Street, San Francisco, CA 94102, USA"
8,-122.425283,37.77052,00:02:35,"1900 Market Street, San Francisco, CA 94102, USA"
8,-122.425553,37.770337,00:02:41,"1930 Market Street, San Francisco, CA 94103, USA"
8,-122.425832,37.770128,00:02:47,"1946 Market Street, San Francisco, CA 94103, USA"
8,-122.426331,37.769756,00:02:53,"Market St & Buchanan St, San Francisco, CA 94102, USA"
8,-122.426902,37.7693,00:02:59,"2010 Market Street, San Francisco, CA 94114, USA"
8,-122.427065,37.769132,00:03:05,"2020 Market Street, San Francisco, CA 94114, USA"
8,-122.427103,37.769092,00:03:11,"2020 Market Street, San Francisco, CA 94114, USA"
8,-122.427172,37.768979,00:03:35,"2020 Market Street, San Francisco, CA 94114, USA"
8,-122.427634,37.768595,00:03:41,"2024-2046 Market Street, San Francisco, CA 94114, USA"
8,-122.427913,37.768372,00:03:47,"2056-2060 Market Street, San Francisco, CA 94114, USA"
8,-122.427961,37.768337,00:03:53,"2060-2066 Market Street, San Francisco, CA 94114, USA"
8,-122.428138,37.768244,00:03:59,"2068 Market Street, San Francisco, CA 94114, USA"
8,-122.428581,37.767942,00:04:05,"2086 Market Street, San Francisco, CA 94114, USA"
8,-122.429094,37.767482,00:04:11,"2018 Market Street, San Francisco, CA 94114, USA"
8,-122.429606,37.767031,00:04:17,"2128-2140 Market Street, San Francisco, CA 94114, USA"
8,-122.429986,37.766732,00:04:23,"2154 Market Street, San Francisco, CA 94103, USA"
8,-122.430058,37.76668,00:04:29,"2152-2154 Market Street, San Francisco, CA 94114, USA"
8,-122.430109,37.766633,00:04:35,"2152-2154 Market Street, San Francisco, CA 94114, USA"
8,-122.430211,37.76658,00:04:53,"2152-2154 Market Street, San Francisco, CA 94114, USA"
8,-122.430594,37.766367,00:04:59,"2156-2186 Market Street, San Francisco, CA 94114, USA"
8,-122.431137,37.76591,00:05:05,"2250-2256 Market Street, San Francisco, CA 94114, USA"
8,-122.431806,37.765353,00:05:11,"2258-2262 Market Street, San Francisco, CA 94114, USA"
8,-122.432298,37.764962,00:05:23,"2260 Market Street, San Francisco, CA 94103, USA"
8,-122.432486,37.764868,00:05:29,"2276 Market Street, San Francisco, CA 94114, USA"
8,-122.432913,37.764518,00:05:35,"2298 Market Street, San Francisco, CA 94114, USA"
8,-122.434173,37.763435,00:05:41,"2338 Market Street, San Francisco, CA 94117, USA"
8,-122.434953,37.762847,00:05:47,"2390 Market Street, San Francisco, CA 94103, USA"
8,-122.435935,37.762291,00:05:53,"2454-2498 Market Street, San Francisco, CA 94114, USA"
8,-122.436074,37.762224,00:05:59,"2454-2498 Market Street, San Francisco, CA 94114, USA"
8,-122.436892,37.761957,00:06:05,"2561-2599 Market Street, San Francisco, CA 94114, USA"
8,-122.438886,37.761652,00:06:11,"2750 Market Street, San Francisco, CA 94114, USA"
8,-122.439955,37.761284,00:06:17,"2808 Market Street, San Francisco, CA 94114, USA"
8,-122.440068,37.76121,00:06:23,"143-149 Ord Street, San Francisco, CA 94114, USA"
8,-122.44072,37.761064,00:06:29,"2913-2999 Market Street, San Francisco, CA 94114, USA"
8,-122.441411,37.76104,00:06:35,"3017 Market Street, San Francisco, CA 94103, USA"
8,-122.442324,37.761048,00:06:41,"3051-3053 Market Street, San Francisco, CA 94114, USA"
8,-122.443118,37.760851,00:06:47,"3062-3074 Market Street, San Francisco, CA 94114, USA"
8,-122.444591,37.759977,00:06:56,"3100-3116 Market Street, San Francisco, CA 94114, USA"
8,-122.444698,37.759913,00:06:59,"3100-3116 Market Street, San Francisco, CA 94114, USA"
8,-122.445065,37.759623,00:07:05,"353 Corbett Avenue, San Francisco, CA 94114, USA"
8,-122.445158,37.758902,00:07:18,"3250 Market Street, San Francisco, CA 94114, USA"
8,-122.44457,37.758428,00:07:23,"Clayton & Market Stairway, San Francisco, CA 94114, USA"
8,-122.44334,37.757687,00:07:29,"3358 Market Street, San Francisco, CA 94114, USA"
8,-122.44324,37.757583,00:07:35,"3386 Market Street, San Francisco, CA 94114, USA"
8,-122.442787,37.757019,00:07:41,"3420 Market Street, San Francisco, CA 94114, USA"
8,-122.442322,37.756603,00:07:47,"10 Glendale Street, San Francisco, CA 94114, USA"
8,-122.441602,37.75638,00:07:53,"Twin Peaks, San Francisco, CA, USA"
8,-122.441382,37.75579,00:07:58,"3620 Market Street, San Francisco, CA 94103, USA"
8,-122.442133,37.754493,00:08:04,"767 Corbett Avenue, San Francisco, CA 94131, USA"
8,-122.442206,37.754361,00:08:12,"771 Corbett Avenue, San Francisco, CA 94131, USA"
8,-122.44265,37.753719,00:08:18,"801 Corbett Avenue, San Francisco, CA 94131, USA"
8,-122.442915,37.753096,00:08:24,"3840 Market Street, San Francisco, CA 94131, USA"
8,-122.443211,37.751617,00:08:30,"Market Street, San Francisco, CA 94131, USA"
8,-122.443246,37.751496,00:08:36,"2 Cuesta Court, San Francisco, CA 94131, USA"
8,-122.443428,37.750733,00:08:42,"Market Street, San Francisco, CA 94114, USA"
8,-122.443536,37.750126,00:08:48,"977-999 Portola Drive, San Francisco, CA 94131, USA"
8,-122.443784,37.750103,00:08:54,"34 Portola Drive, San Francisco, CA 94131, USA"
8,-122.44401,37.75039,00:09:00,"982 Corbett Avenue, San Francisco, CA 94131, USA"
8,-122.444013,37.750448,00:09:06,"976-982 Corbett Avenue, San Francisco, CA 94131, USA"
8,-122.44404,37.750536,00:09:12,"959-963 Corbett Avenue, San Francisco, CA 94131, USA"
8,-122.444141,37.750493,00:09:18,"2 Portola Drive, San Francisco, CA 94131, USA"
9,-122.402808,37.790859,00:00:00,"1-99 Trinity Place, San Francisco, CA 94104, USA"
9,-122.402768,37.790864,00:00:06,"2-98 Trinity Place, San Francisco, CA 94104, USA"
9,-122.402539,37.790995,00:00:42,"300-338 Bush Street, San Francisco, CA 94104, USA"
9,-122.402172,37.791148,00:00:48,"216 Montgomery Street, San Francisco, CA 94104, USA"
9,-122.401312,37.791385,00:00:54,"220 Bush Street, San Francisco, CA 94104, USA"
9,-122.400776,37.791405,00:01:00,"555 Montgomery Street #1400, San Francisco, CA 94111, USA"
9,-122.400528,37.791288,00:01:06,"144-198 Bush Street, San Francisco, CA 94104, USA"
9,-122.400441,37.791113,00:01:12,"145-199 Bush Street, San Francisco, CA 94104, USA"
9,-122.400395,37.791027,00:01:18,"145-199 Bush Street, San Francisco, CA 94104, USA"
9,-122.400311,37.791094,00:01:30,"145-199 Bush Street, San Francisco, CA 94104, USA"
9,-122.400183,37.791211,00:01:48,"145-199 Bush Street, San Francisco, CA 94104, USA"
9,-122.399334,37.79106,00:01:54,"11-99 Bush Street, San Francisco, CA 94104, USA"
9,-122.398718,37.790538,00:02:00,"36 Stevenson Street, San Francisco, CA 94103, USA"
9,-122.398086,37.790095,00:02:06,"58-62 1st Street, San Francisco, CA 94105, USA"
9,-122.39736,37.789644,00:02:12,"101-131 1st Street, San Francisco, CA 94105, USA"
9,-122.396844,37.789254,00:02:18,"133-163 1st Street, San Francisco, CA 94105, USA"
9,-122.396397,37.788855,00:02:24,"165-199 1st Street, San Francisco, CA 94105, USA"
9,-122.395963,37.788483,00:02:30,"1 Embarcadero Center #522, San Francisco, CA 94111, USA"
9,-122.395365,37.788015,00:02:36,"234 1st Street, San Francisco, CA 94105, USA"
9,-122.394735,37.787558,00:02:42,"253-299 1st Street, San Francisco, CA 94105, USA"
9,-122.394323,37.787472,00:02:48,"422-498 Folsom Street, San Francisco, CA 94105, USA"
9,-122.394025,37.78763,00:02:54,"443 Folsom Street, San Francisco, CA 94105, USA"
9,-122.393987,37.787767,00:03:00,"400-420 Folsom Street, San Francisco, CA 94105, USA"
9,-122.394452,37.787486,00:03:06,"422-498 Folsom Street, San Francisco, CA 94105, USA"
9,-122.395043,37.786977,00:03:12,"522-528 Folsom Street, San Francisco, CA 94105, USA"
9,-122.395552,37.786583,00:03:18,"528-530 Folsom Street, San Francisco, CA 94105, USA"
9,-122.39561,37.78654,00:03:24,"528-530 Folsom Street, San Francisco, CA 94105, USA"
9,-122.395659,37.786516,00:03:30,"528-530 Folsom Street, San Francisco, CA 94105, USA"
9,-122.395707,37.786378,00:03:36,"528-530 Folsom Street, San Francisco, CA 94105, USA"
9,-122.395362,37.786044,00:03:42,"17 Essex Street, San Francisco, CA 94105, USA"
9,-122.394715,37.785598,00:03:48,"17 Essex Street, San Francisco, CA 94105, USA"
9,-122.394361,37.785321,00:03:54,"36-48 Essex Street, San Francisco, CA 94105, USA"
9,-122.394236,37.785207,00:04:00,"36-48 Essex Street, San Francisco, CA 94105, USA"
9,-122.394062,37.785751,00:04:06,"8100 Lansing Street, San Francisco, CA 94107, USA"
9,-122.393881,37.785996,00:04:12,"45 Lansing Street, San Francisco, CA 94105, USA"
9,-122.39383,37.786092,00:04:18,"45 Lansing Street, San Francisco, CA 94105, USA"
9,-122.393899,37.785998,00:04:24,"45 Lansing Street, San Francisco, CA 94105, USA"
9,-122.394365,37.785114,00:04:30,"546-570 Harrison Street, San Francisco, CA 94105, USA"
9,-122.394441,37.785022,00:04:36,"546-570 Harrison Street, San Francisco, CA 94105, USA"
9,-122.394635,37.784823,00:04:42,"546-570 Harrison Street, San Francisco, CA 94105, USA"
9,-122.394629,37.784719,00:04:48,"579-585 Harrison Street, San Francisco, CA 94105, USA"
9,-122.394176,37.785069,00:04:54,"575 Harrison Street, San Francisco, CA 94105, USA"
9,-122.39365,37.7855,00:05:00,"527-551 Harrison Street, San Francisco, CA 94105, USA"
9,-122.393291,37.78577,00:05:06,"503-511 Harrison Street, San Francisco, CA 94105, USA"
9,-122.393159,37.785839,00:05:12,"503-511 Harrison Street, San Francisco, CA 94105, USA"
10,-122.400628,37.782651,00:00:00,"776-790 Folsom Street, San Francisco, CA 94107, USA"
10,-122.400599,37.782616,00:00:16,"776-790 Folsom Street, San Francisco, CA 94107, USA"
10,-122.40047,37.782702,00:00:20,"776 Folsom Street, San Francisco, CA 94107, USA"
10,-122.400192,37.782915,00:00:24,"730-750 Folsom Street, San Francisco, CA 94107, USA"
10,-122.399887,37.783137,00:00:28,"730-750 Folsom Street, San Francisco, CA 94107, USA"
10,-122.399519,37.783414,00:00:32,"726-728 Folsom Street, San Francisco, CA 94107, USA"
10,-122.399237,37.783629,00:00:36,"700-724 Folsom Street, San Francisco, CA 94107, USA"
10,-122.399157,37.783688,00:00:40,"700-724 Folsom Street, San Francisco, CA 94107, USA"
10,-122.399106,37.783716,00:00:44,"700-724 Folsom Street, San Francisco, CA 94107, USA"
10,-122.399072,37.783798,00:01:08,"700-724 Folsom Street, San Francisco, CA 94107, USA"
10,-122.399186,37.783997,00:01:12,"267-299 3rd Street, San Francisco, CA 94103, USA"
10,-122.399538,37.784271,00:01:16,"255 3rd Street, San Francisco, CA 94107, USA"
10,-122.399948,37.784577,00:01:20,"230-262 3rd Street, San Francisco, CA 94103, USA"
10,-122.40026,37.784828,00:01:24,"222 3rd Street, San Francisco, CA 94103, USA"
10,-122.400477,37.784999,00:01:28,"200-228 3rd Street, San Francisco, CA 94103, USA"
10,-122.400651,37.785113,00:01:32,"194 3rd Street, San Francisco, CA 94103, USA"
10,-122.400703,37.785155,00:01:48,"194 3rd Street, San Francisco, CA 94103, USA"
10,-122.400749,37.785192,00:01:52,"194 3rd Street, San Francisco, CA 94103, USA"
10,-122.400839,37.785278,00:01:56,"186-192 3rd Street, San Francisco, CA 94103, USA"
10,-122.400857,37.785387,00:02:40,"165 Natoma Street, San Francisco, CA 94103, USA"
10,-122.40089,37.785478,00:02:48,"165 Natoma Street, San Francisco, CA 94103, USA"
10,-122.401022,37.785526,00:03:16,"159-177 3rd Street, San Francisco, CA 94103, USA"
10,-122.401148,37.785598,00:03:20,"159-177 3rd Street, San Francisco, CA 94103, USA"
10,-122.401202,37.785631,00:03:24,"133-151 3rd Street, San Francisco, CA 94103, USA"
10,-122.401267,37.78566,00:03:28,"133-151 3rd Street, San Francisco, CA 94103, USA"
11,-122.426035,37.803986,00:00:00,"1141,1139 Bay Street, San Francisco, CA 94109, USA"
11,-122.425089,37.804102,00:00:04,"3000-3098 Van Ness Avenue, San Francisco, CA 94109, USA"
11,-122.424156,37.804211,00:00:12,"1055 Bay Street, San Francisco, CA 94109, USA"
11,-122.423385,37.803861,00:00:32,"2901-2939 Polk Street, San Francisco, CA 94109, USA"
11,-122.423214,37.803151,00:00:48,"2838,2840 Polk Street, San Francisco, CA 94109, USA"
11,-122.423077,37.802439,00:01:04,"2760 Polk Street, San Francisco, CA 94109, USA"
11,-122.422905,37.80174,00:01:16,"2700 Polk Street, San Francisco, CA 94109, USA"
11,-122.422785,37.801069,00:01:28,"2600-2698 Polk Street, San Francisco, CA 94109, USA"
11,-122.422649,37.800345,00:01:40,"2560 Polk Street, San Francisco, CA 94109, USA"
11,-122.422603,37.799633,00:02:00,"2459 Polk Street, San Francisco, CA 94109, USA"
11,-122.4217,37.79975,00:02:16,"1335-1351 Filbert Street, San Francisco, CA 94109, USA"
11,-122.420854,37.799885,00:02:28,"2400-2408 Larkin Street, San Francisco, CA 94109, USA"
11,-122.420607,37.799209,00:02:44,"2312 Larkin Street, San Francisco, CA 94109, USA"
12,-122.400395,37.795656,00:00:00,"450-498 Battery Street, San Francisco, CA 94111, USA"
12,-122.400304,37.795203,00:00:06,"400-444 Battery Street, San Francisco, CA 94111, USA"
13,-122.415584,37.778738,00:00:00,"17-35 Grove Street, San Francisco, CA 94102, USA"
13,-122.415189,37.778812,00:00:04,"9-11 Grove Street, San Francisco, CA 94102, USA"
13,-122.415092,37.778824,00:00:08,"31 Grove Street, San Francisco, CA 94117, USA"
13,-122.414932,37.778833,00:00:12,"92 Hyde Street, San Francisco, CA 94109, USA"
13,-122.414898,37.778834,00:00:16,"92 Hyde Street, San Francisco, CA 94109, USA"
13,-122.414757,37.77874,00:00:40,"1165-1199 Market Street, San Francisco, CA 94102, USA"
13,-122.414433,37.778501,00:00:44,"5-31 8th Street, San Francisco, CA 94103, USA"
13,-122.414026,37.778182,00:00:48,"51-79 8th Street, San Francisco, CA 94103, USA"
13,-122.413623,37.777851,00:00:52,"51-79 8th Street, San Francisco, CA 94103, USA"
13,-122.413166,37.777486,00:00:56,"1180-1198 Mission Street, San Francisco, CA 94103, USA"
13,-122.412674,37.777109,00:01:00,"135-139 8th Street, San Francisco, CA 94103, USA"
13,-122.412186,37.776743,00:01:04,"670-698 Natoma Street, San Francisco, CA 94103, USA"
13,-122.4118,37.77644,00:01:08,"193 8th Street, San Francisco, CA 94103, USA"
13,-122.411614,37.776295,00:01:12,"1190-1198 Howard Street, San Francisco, CA 94103, USA"
13,-122.41144,37.776158,00:01:16,"201 8th Street, San Francisco, CA 94103, USA"
13,-122.410997,37.775806,00:01:20,"239-243 8th Street, San Francisco, CA 94103, USA"
13,-122.410484,37.775422,00:01:24,"275 8th Street, San Francisco, CA 94103, USA"
13,-122.410087,37.775126,00:01:28,"1185 Folsom Street, San Francisco, CA 94105, USA"
13,-122.409854,37.775012,00:01:32,"1195-1199 Folsom Street, San Francisco, CA 94103, USA"
13,-122.409573,37.775164,00:01:36,"Folsom St & 8th St, San Francisco, CA 94103, USA"
13,-122.40918,37.775498,00:01:40,"1165 Folsom Street, San Francisco, CA 94103, USA"
13,-122.40873,37.775868,00:01:44,"1-5 Hallam Street, San Francisco, CA 94103, USA"
13,-122.40824,37.776256,00:01:48,"101-113 Langton Street, San Francisco, CA 94103, USA"
13,-122.407928,37.776519,00:01:52,"300 W. 7th St., San Francisco, CA 94103, USA"
13,-122.407904,37.776539,00:01:56,"300 W. 7th St., San Francisco, CA 94103, USA"
13,-122.407854,37.776595,00:02:24,"Folsom St & Seventh St, San Francisco, CA 94103, USA"
13,-122.407547,37.776853,00:02:28,"1095 San Francisco Bicycle Route 30, San Francisco, CA 94103, USA"
13,-122.407087,37.777234,00:02:32,"1065 Folsom Street, San Francisco, CA 94105, USA"
13,-122.406558,37.777644,00:02:36,"1043-1051 Folsom Street, San Francisco, CA 94103, USA"
13,-122.406017,37.778066,00:02:40,"1035 Folsom Street, San Francisco, CA 94103, USA"
13,-122.405499,37.778468,00:02:44,"301 6th Street, San Francisco, CA 94107, USA"
13,-122.404995,37.778866,00:02:48,"977 San Francisco Bicycle Route 30, San Francisco, CA 94103, USA"
13,-122.404455,37.779295,00:02:52,"951 Folsom Street, San Francisco, CA 94107, USA"
13,-122.40395,37.779695,00:02:56,"923 Folsom Street, San Francisco, CA 94107, USA"
13,-122.403584,37.779982,00:03:00,"917 Folsom Street, San Francisco, CA 94107, USA"
13,-122.403223,37.780295,00:03:04,"897 Folsom Street, San Francisco, CA 94105, USA"
13,-122.402766,37.780664,00:03:08,"875 Folsom Street, San Francisco, CA 94103, USA"
13,-122.402288,37.781043,00:03:12,"855 Folsom Street, San Francisco, CA 94105, USA"
13,-122.401823,37.781399,00:03:16,"829 Folsom Street, San Francisco, CA 94103, USA"
13,-122.401407,37.781727,00:03:20,"821 Folsom Street, San Francisco, CA 94107, USA"
13,-122.401247,37.781853,00:03:24,"801-813 Folsom Street, San Francisco, CA 94107, USA"
13,-122.401195,37.781894,00:03:28,"801-813 Folsom Street, San Francisco, CA 94107, USA"
13,-122.400977,37.782076,00:03:32,"797-799 Folsom Street, San Francisco, CA 94107, USA"
13,-122.400603,37.782338,00:03:36,"795 Folsom Street, San Francisco, CA 94105, USA"
13,-122.400133,37.782666,00:03:40,"747 Folsom Street, San Francisco, CA 94105, USA"
13,-122.399634,37.783048,00:03:44,"737 Folsom Street, San Francisco, CA 94105, USA"
13,-122.399198,37.78345,00:03:48,"707 Folsom Street, San Francisco, CA 94105, USA"
13,-122.398998,37.783791,00:03:52,"701 Folsom Street, San Francisco, CA 94107, USA"
13,-122.398959,37.784177,00:03:56,"690 Folsom Street, San Francisco, CA 94107, USA"
13,-122.398971,37.784388,00:04:00,"682 Folsom Street, San Francisco, CA 94107, USA"
13,-122.399128,37.784404,00:04:32,"Clementina Street, San Francisco, CA 94103, USA"
13,-122.399524,37.784586,00:04:36,"255 3rd Street, San Francisco, CA 94103, USA"
13,-122.399927,37.784835,00:04:40,"222 3rd Street, San Francisco, CA 94103, USA"
13,-122.400307,37.785116,00:04:44,"693-699 Howard Street, San Francisco, CA 94105, USA"
13,-122.400539,37.785282,00:04:48,"181 3rd Street, San Francisco, CA 94103, USA"
13,-122.400692,37.785346,00:04:52,"181 3rd Street, San Francisco, CA 94105, USA"
14,-122.407201,37.765769,00:00:00,"2013 16th Street, San Francisco, CA 94103, USA"
14,-122.407414,37.76579,00:00:04,"2013 16th Street, San Francisco, CA 94103, USA"
14,-122.407755,37.765802,00:00:08,"2100-2188 16th Street, San Francisco, CA 94103, USA"
14,-122.408219,37.765791,00:00:12,"2300 16th Street, Potrero Center, San Francisco, CA 94103, USA"
14,-122.408759,37.765763,00:00:16,"2300 16th Street, Potrero Center, San Francisco, CA 94103, USA"
14,-122.409348,37.765726,00:00:20,"2302-2334 16th Street, San Francisco, CA 94103, USA"
14,-122.409882,37.765716,00:00:24,"16th St & Bryant St, Potrero Center, San Francisco, CA 94103, USA"
14,-122.410202,37.765708,00:00:28,"2376-2398 16th Street, San Francisco, CA 94103, USA"
14,-122.410253,37.765705,00:00:32,"2376-2398 16th Street, San Francisco, CA 94103, USA"
14,-122.410369,37.765707,00:00:36,"2376-2398 16th Street, San Francisco, CA 94103, USA"
14,-122.41072,37.765692,00:00:40,"2400-2440 16th Street, San Francisco, CA 94103, USA"
14,-122.411215,37.765699,00:00:44,"2440 16th Street, San Francisco, CA 94103, USA"
14,-122.411789,37.765687,00:00:48,"2500 16th Street, San Francisco, CA 94103, USA"
14,-122.412373,37.765666,00:00:52,"243-299 Alabama Street, San Francisco, CA 94103, USA"
14,-122.412883,37.765598,00:00:56,"2600 16th Street, San Francisco, CA 94103, USA"
14,-122.413039,37.765543,00:01:00,"2600-2698 16th Street, San Francisco, CA 94103, USA"
14,-122.413125,37.765532,00:01:32,"1967-1999 Harrison Street, San Francisco, CA 94103, USA"
14,-122.413553,37.7655,00:01:36,"2710 16th Street, San Francisco, CA 94103, USA"
14,-122.414053,37.765448,00:01:40,"2736 16th Street, San Francisco, CA 94103, USA"
14,-122.414645,37.765388,00:01:44,"2736-2798 16th Street, San Francisco, CA 94103, USA"
14,-122.41525,37.765323,00:01:48,"2799 16th Street, San Francisco, CA 94103, USA"
14,-122.415847,37.765303,00:01:52,"2800-2850 16th Street, San Francisco, CA 94103, USA"
14,-122.416439,37.765251,00:01:56,"200 Shotwell Street, San Francisco, CA 94110, USA"
14,-122.41702,37.765204,00:02:00,"2853-2899 16th Street, San Francisco, CA 94103, USA"
14,-122.417556,37.765172,00:02:04,"2901 16th Street, San Francisco, CA 94103, USA"
14,-122.418075,37.765164,00:02:08,"2926 16th Street, San Francisco, CA 94103, USA"
14,-122.418618,37.765153,00:02:12,"50-98 Capp Street, San Francisco, CA 94103, USA"
14,-122.419112,37.765136,00:02:16,"2960 16th Street, San Francisco, CA 94103, USA"
14,-122.419378,37.765129,00:02:20,"2978 16th Street, San Francisco, CA 94103, USA"
14,-122.419481,37.765119,00:02:24,"2978 16th Street, San Francisco, CA 94103, USA"
14,-122.419852,37.7651,00:02:28,"3004 16th Street, San Francisco, CA 94103, USA"
14,-122.420349,37.765083,00:02:32,"3032 16th Street, San Francisco, CA 94110, USA"
14,-122.42093,37.765045,00:02:36,"198 Julian Avenue, San Francisco, CA 94103, USA"
14,-122.421481,37.764992,00:02:40,"3076-3092 16th Street, San Francisco, CA 94103, USA"
14,-122.421695,37.76498,00:02:44,"3092-3098 16th Street, San Francisco, CA 94103, USA"
14,-122.421843,37.764993,00:02:56,"483-499 Valencia Street, San Francisco, CA 94103, USA"
14,-122.422255,37.764986,00:03:00,"3118 16th Street, San Francisco, CA 94103, USA"
14,-122.422823,37.764975,00:03:04,"3150 16th Street, San Francisco, CA 94110, USA"
14,-122.423411,37.764939,00:03:08,"3162 16th Street, San Francisco, CA 94103, USA"
14,-122.424014,37.764902,00:03:12,"3198 16th Street, San Francisco, CA 94103, USA"
14,-122.424576,37.764853,00:03:16,"1-99 Spencer Alley, San Francisco, CA 94103, USA"
14,-122.424922,37.764826,00:03:20,"3232 16th Street, San Francisco, CA 94110, USA"
14,-122.425375,37.764796,00:03:24,"3250 16th Street, San Francisco, CA 94103, USA"
14,-122.425869,37.764782,00:03:28,"3256-3298 16th Street, San Francisco, CA 94103, USA"
14,-122.426089,37.764768,00:03:32,"16th St & Dolores St, San Francisco, CA 94103, USA"
14,-122.426117,37.764766,00:03:36,"16th St & Dolores St, San Francisco, CA 94103, USA"
14,-122.426276,37.764723,00:04:00,"279-299 Dolores Street, San Francisco, CA 94103, USA"
14,-122.426649,37.764681,00:04:04,"3310 16th Street, San Francisco, CA 94114, USA"
15,-122.4042,37.782012,00:00:00,"875 Howard Street, San Francisco, CA 94103, USA"
15,-122.404911,37.781574,00:00:36,"888-898 Howard Street, San Francisco, CA 94103, USA"
15,-122.405597,37.781055,00:00:44,"918-926 Howard Street, San Francisco, CA 94103, USA"
15,-122.406341,37.780479,00:00:52,"954 Howard Street, San Francisco, CA 94105, USA"
15,-122.406939,37.779996,00:00:56,"988 Howard Street, San Francisco, CA 94105, USA"
15,-122.407613,37.779459,00:01:00,"1016 Howard Street, San Francisco, CA 94105, USA"
15,-122.408228,37.778953,00:01:08,"1044 Howard Street, San Francisco, CA 94103, USA"
15,-122.408839,37.778409,00:01:12,"1 Moss Street, San Francisco, CA 94103, USA"
15,-122.409501,37.777842,00:01:20,"1101 Howard Street, San Francisco, CA 94103, USA"
15,-122.410181,37.777334,00:01:28,"1137 Howard Street, San Francisco, CA 94105, USA"
15,-122.410836,37.776809,00:01:32,"1169 Howard Street, San Francisco, CA 94103, USA"
15,-122.411514,37.77624,00:01:40,"1185-1199 Howard Street, San Francisco, CA 94103, USA"
15,-122.412145,37.775725,00:01:44,"1239 San Francisco Bicycle Route 30, San Francisco, CA 94105, USA"
15,-122.412805,37.77519,00:01:48,"1277 Howard Street, San Francisco, CA 94103, USA"
15,-122.413464,37.774672,00:01:52,"1309 Howard Street, San Francisco, CA 94105, USA"
15,-122.414186,37.774084,00:02:00,"1361-1375 Howard Street, San Francisco, CA 94103, USA"
15,-122.413636,37.773533,00:02:48,"201-241 10th Street, San Francisco, CA 94103, USA"
15,-122.413009,37.773021,00:02:56,"291 10th Street, San Francisco, CA 94103, USA"
15,-122.412371,37.772501,00:03:36,"323 10th Street, San Francisco, CA 94103, USA"
15,-122.411681,37.771964,00:03:40,"371 10th Street, San Francisco, CA 94103, USA"
15,-122.411078,37.771479,00:03:44,"405 10th Street, San Francisco, CA 94103, USA"
15,-122.410477,37.770992,00:03:52,"449 10th Street, San Francisco, CA 94103, USA"
15,-122.409801,37.770467,00:03:56,"479 10th Street, San Francisco, CA 94103, USA"
15,-122.408904,37.77009,00:04:00,"10th Street & Bryant Street, San Francisco, CA 94103, USA"
15,-122.408103,37.769657,00:04:04,"Central Freeway, San Francisco, CA 94103, USA"
15,-122.407276,37.769132,00:04:08,"10th Street & Bryant Street, San Francisco, CA 94103, USA"
15,-122.406469,37.768564,00:04:12,"Central Freeway, San Francisco, CA 94103, USA"
15,-122.405745,37.76798,00:04:16,"10 San Bruno Avenue, San Francisco, CA 94103, USA"
15,-122.405299,37.76738,00:04:20,"Central Freeway, San Francisco, CA 94103, USA"
15,-122.405297,37.766604,00:04:24,"Central Freeway & El Camino Real, San Francisco, CA 94103, USA"
15,-122.4052,37.765838,00:04:28,"El Camino Real, San Francisco, CA 94103, USA"
15,-122.405139,37.765139,00:04:32,"El Camino Real, San Francisco, CA 94103, USA"
15,-122.405094,37.764457,00:04:36,"El Camino Real, San Francisco, CA 94103, USA"
15,-122.405142,37.763716,00:04:40,"Bayshore Freeway, San Francisco, CA 94103, USA"
15,-122.405398,37.762932,00:04:44,"El Camino Real, San Francisco, CA 94110, USA"
15,-122.405813,37.762126,00:04:48,"El Camino Real, San Francisco, CA 94110, USA"
15,-122.406215,37.761344,00:04:52,"Bayshore Freeway, San Francisco, CA 94110, USA"
15,-122.406495,37.760556,00:04:56,"El Camino Real, San Francisco, CA 94110, USA"
15,-122.406484,37.759732,00:05:00,"Bayshore Freeway, San Francisco, CA 94110, USA"
15,-122.406228,37.75891,00:05:04,"El Camino Real, San Francisco, CA 94110, USA"
15,-122.405695,37.758182,00:05:08,"El Camino Real, San Francisco, CA 94110, USA"
15,-122.405118,37.757676,00:05:12,"900 San Bruno Avenue, San Francisco, CA 94110, USA"
15,-122.404346,37.757039,00:05:16,"2301-2449 22nd Street, San Francisco, CA 94107, USA"
15,-122.403719,37.756335,00:05:20,"1024-1148 Vermont Street, San Francisco, CA 94110, USA"
15,-122.403406,37.755503,00:05:24,"El Camino Real, San Francisco, CA 94110, USA"
15,-122.403242,37.754665,00:05:28,"Bayshore Freeway, San Francisco, CA 94107, USA"
15,-122.403172,37.753837,00:05:32,"Bayshore Freeway, San Francisco, CA 94107, USA"
15,-122.403112,37.752986,00:05:36,"Bayshore Freeway, San Francisco, CA 94107, USA"
15,-122.403147,37.752133,00:05:40,"El Camino Real, San Francisco, CA 94110, USA"
15,-122.403355,37.751266,00:05:44,"El Camino Real, San Francisco, CA 94110, USA"
15,-122.403738,37.750469,00:05:48,"El Camino Real, San Francisco, CA 94110, USA"
15,-122.404052,37.749741,00:05:52,"1462 San Bruno Avenue, San Francisco, CA 94110, USA"
15,-122.404419,37.749088,00:05:56,"2719-2799 Cesar Chavez Street, San Francisco, CA 94110, USA"
15,-122.404801,37.748419,00:06:00,"Potrero Avenue & Cesar Chavez Street, San Francisco, CA 94110, USA"
15,-122.405551,37.747895,00:06:04,"23 Peralta Avenue, San Francisco, CA 94110, USA"
15,-122.406669,37.747989,00:06:08,"1550 Hampshire Street, San Francisco, CA 94110, USA"
15,-122.407604,37.74791,00:06:12,"1529-1599 York Street, San Francisco, CA 94110, USA"
15,-122.408536,37.748002,00:06:16,"654-660 Precita Avenue, San Francisco, CA 94110, USA"
15,-122.409291,37.748371,00:06:36,"2976-2998 Cesar Chavez Street, San Francisco, CA 94110, USA"
15,-122.410222,37.748347,00:06:40,"3026-3048 Cesar Chavez Street, San Francisco, CA 94110, USA"
15,-122.411111,37.74832,00:06:44,"3094 Cesar Chavez Street, San Francisco, CA 94107, USA"
15,-122.412062,37.748302,00:06:48,"3128 Cesar Chavez Street, San Francisco, CA 94107, USA"
15,-122.412979,37.748305,00:06:52,"3168 Cesar Chavez Street, San Francisco, CA 94107, USA"
15,-122.413864,37.748342,00:07:12,"3200-3206 Cesar Chavez Street, San Francisco, CA 94110, USA"
15,-122.414833,37.748265,00:07:20,"3208-3224 Cesar Chavez Street, San Francisco, CA 94110, USA"
15,-122.415743,37.748243,00:07:24,"3268-3298 Cesar Chavez Street, San Francisco, CA 94110, USA"
15,-122.416738,37.7482,00:07:28,"3300 Cesar Chavez Street, San Francisco, CA 94110, USA"
15,-122.417729,37.748175,00:07:32,"3390 Cesar Chavez Street, San Francisco, CA 94110, USA"
16,-122.401006,37.786237,00:00:00,"179-199 Minna Street, San Francisco, CA 94105, USA"
16,-122.399936,37.785631,00:00:06,"610 San Francisco Bicycle Route 30, San Francisco, CA 94105, USA"
16,-122.399658,37.78591,00:00:12,"648 Howard Street, San Francisco, CA 94105, USA"
16,-122.399554,37.786281,00:00:18,"170 New Montgomery Street, San Francisco, CA 94105, USA"
16,-122.399504,37.786162,00:00:24,"170 New Montgomery Street, San Francisco, CA 94105, USA"
16,-122.399764,37.785778,00:00:30,"658 San Francisco Bicycle Route 30, San Francisco, CA 94105, USA"
16,-122.400161,37.785458,00:00:36,"680 Howard Street, San Francisco, CA 94105, USA"
16,-122.400349,37.785265,00:00:42,"690 Howard Street, San Francisco, CA 94105, USA"
16,-122.400543,37.785128,00:01:00,"195-199 3rd Street, San Francisco, CA 94103, USA"
16,-122.40102,37.784689,00:01:06,"740-798 Howard Street, San Francisco, CA 94103, USA"
16,-122.401578,37.784282,00:01:12,"720 Howard Street, San Francisco, CA 94103, USA"
16,-122.4021,37.783877,00:01:18,"700-736 Howard Street, San Francisco, CA 94103, USA"
16,-122.402649,37.783548,00:01:24,"730 Howard Street, Metreon, San Francisco, CA 94103, USA"
16,-122.402725,37.783439,00:01:30,"Howard St & Fourth St, San Francisco, CA 94103, USA"
16,-122.402913,37.783245,00:02:18,"800-812 Howard Street, San Francisco, CA 94103, USA"
16,-122.404044,37.781966,00:02:24,"875 Howard Street, San Francisco, CA 94105, USA"
16,-122.404129,37.78187,00:02:30,"875 Howard Street, San Francisco, CA 94103, USA"
16,-122.404787,37.781626,00:02:36,"897-899 Howard Street, San Francisco, CA 94103, USA"
16,-122.405003,37.781442,00:02:42,"901-909 Howard Street, San Francisco, CA 94103, USA"
16,-122.405552,37.781089,00:02:48,"918-926 Howard Street, San Francisco, CA 94103, USA"
16,-122.406255,37.78052,00:02:54,"954 Howard Street, San Francisco, CA 94105, USA"
16,-122.407618,37.779411,00:03:00,"1016 Howard Street, San Francisco, CA 94105, USA"
16,-122.408466,37.778766,00:03:06,"1050-1054 Howard Street, San Francisco, CA 94103, USA"
16,-122.409234,37.778137,00:03:12,"1098 Howard Street, San Francisco, CA 94103, USA"
16,-122.409349,37.778049,00:03:18,"1098 Howard Street, San Francisco, CA 94103, USA"
16,-122.410698,37.776975,00:03:24,"1154 Howard Street, San Francisco, CA 94103, USA"
16,-122.410845,37.77688,00:03:30,"1164 Howard Street, San Francisco, CA 94105, USA"
16,-122.411471,37.776347,00:03:36,"1185-1199 Howard Street, San Francisco, CA 94103, USA"
16,-122.410682,37.775416,00:03:42,"700-716 Clementina Street, San Francisco, CA 94103, USA"
16,-122.410559,37.775309,00:03:48,"290 8th Street, San Francisco, CA 94103, USA"
16,-122.410183,37.77499,00:03:54,"1200 Folsom Street, San Francisco, CA 94103, USA"
16,-122.410163,37.775024,00:04:00,"290-298 8th Street, San Francisco, CA 94103, USA"
16,-122.40914,37.774239,00:04:30,"344-348 8th Street, San Francisco, CA 94103, USA"
16,-122.409033,37.774157,00:04:36,"350 8th Street, San Francisco, CA 94103, USA"
17,-122.422386,37.770015,00:00:00,"191-199 Valencia Street, San Francisco, CA 94103, USA"
17,-122.422386,37.769967,00:00:08,"199 Valencia Street, San Francisco, CA 94103, USA"
17,-122.422382,37.769895,00:00:12,"199 Valencia Street, San Francisco, CA 94103, USA"
17,-122.422344,37.769863,00:00:24,"95-99 Duboce Avenue, San Francisco, CA 94103, USA"
17,-122.422084,37.769843,00:00:28,"95-97 Duboce Avenue, San Francisco, CA 94103, USA"
17,-122.421756,37.769872,00:00:32,"83 Duboce Avenue, San Francisco, CA 94103, USA"
17,-122.421391,37.769911,00:00:36,"34-70 Duboce Avenue, San Francisco, CA 94103, USA"
17,-122.42104,37.769945,00:00:40,"34-70 Duboce Avenue, San Francisco, CA 94103, USA"
17,-122.420842,37.769968,00:00:44,"2-32 Duboce Avenue, San Francisco, CA 94103, USA"
17,-122.420565,37.770002,00:00:48,"Central Freeway, San Francisco, CA 94103, USA"
17,-122.420187,37.769984,00:00:52,"1700 Mission Street, San Francisco, CA 94103, USA"
17,-122.420034,37.770019,00:00:56,"Central Freeway, San Francisco, CA 94103, USA"
17,-122.419789,37.770048,00:01:00,"Central Freeway, San Francisco, CA 94103, USA"
17,-122.419427,37.770023,00:01:04,"Central Freeway, San Francisco, CA 94103, USA"
17,-122.419189,37.769991,00:01:08,"Central Freeway, San Francisco, CA 94103, USA"
17,-122.419004,37.769958,00:01:12,"Central Freeway, San Francisco, CA 94103, USA"
17,-122.41885,37.769929,00:01:16,"Central Freeway, San Francisco, CA 94103, USA"
17,-122.418812,37.769922,00:01:20,"Central Freeway, San Francisco, CA 94103, USA"
17,-122.418698,37.769933,00:01:24,"Central Freeway, San Francisco, CA 94103, USA"
17,-122.418432,37.76988,00:02:04,"Central Freeway, San Francisco, CA 94103, USA"
17,-122.418039,37.769356,00:02:08,"232-298 South Van Ness Avenue, San Francisco, CA 94103, USA"
17,-122.41817,37.768969,00:02:12,"South Van Ness Avenue & El Camino Real & Central Freeway, San Francisco, CA 94103, USA"
17,-122.418582,37.768857,00:02:16,"South Van Ness Avenue & El Camino Real, San Francisco, CA 94103, USA"
17,-122.418877,37.768952,00:02:20,"South Van Ness Avenue & El Camino Real, San Francisco, CA 94103, USA"
17,-122.419007,37.769118,00:02:24,"South Van Ness Avenue & El Camino Real, San Francisco, CA 94103, USA"
17,-122.419008,37.769344,00:02:28,"Central Freeway & El Camino Real, San Francisco, CA 94103, USA"
17,-122.418873,37.769587,00:02:32,"Central Freeway & El Camino Real, San Francisco, CA 94103, USA"
17,-122.418576,37.769733,00:02:36,"South Van Ness Avenue & El Camino Real, San Francisco, CA 94103, USA"
17,-122.418097,37.769723,00:02:40,"1601-1617 13th Street, San Francisco, CA 94103, USA"
17,-122.417468,37.769631,00:02:44,"South Van Ness Avenue & El Camino Real & Central Freeway, San Francisco, CA 94103, USA"
17,-122.416736,37.769549,00:02:48,"1603-1645 13th Street, San Francisco, CA 94103, USA"
17,-122.415013,37.769476,00:02:52,"1661-1689 13th Street, San Francisco, CA 94103, USA"
17,-122.414111,37.769464,00:02:56,"1621-1633 13th Street, San Francisco, CA 94103, USA"
17,-122.413235,37.769434,00:03:00,"28 13th Street, San Francisco, CA 94103, USA"
17,-122.412324,37.769409,00:03:04,"13th Street, San Francisco, CA 94103, USA"
17,-122.411356,37.769356,00:03:08,"13th Street, San Francisco, CA 94103, USA"
17,-122.410352,37.769219,00:03:12,"341-399 Division Street, San Francisco, CA 94103, USA"
17,-122.409379,37.769047,00:03:16,"79 Central Freeway, San Francisco, CA 94103, USA"
17,-122.408464,37.76886,00:03:20,"Central Freeway, San Francisco, CA 94103, USA"
17,-122.407553,37.768747,00:03:24,"Central Freeway, San Francisco, CA 94103, USA"
17,-122.406709,37.76853,00:03:28,"Central Freeway, San Francisco, CA 94103, USA"
17,-122.405971,37.768113,00:03:32,"Central Freeway, San Francisco, CA 94103, USA"
17,-122.40548,37.767496,00:03:36,"Central Freeway & El Camino Real, San Francisco, CA 94103, USA"
17,-122.405339,37.766761,00:03:40,"Central Freeway & El Camino Real, San Francisco, CA 94103, USA"
17,-122.405232,37.76604,00:03:44,"Bayshore Freeway, San Francisco, CA 94103, USA"
17,-122.405168,37.765306,00:03:48,"Bayshore Freeway, San Francisco, CA 94103, USA"
17,-122.405108,37.76459,00:03:52,"El Camino Real, San Francisco, CA 94103, USA"
17,-122.405136,37.763901,00:03:56,"Bayshore Freeway, San Francisco, CA 94103, USA"
17,-122.405292,37.763165,00:04:00,"Bayshore Freeway, San Francisco, CA 94110, USA"
17,-122.405672,37.762433,00:04:04,"El Camino Real, San Francisco, CA 94110, USA"
17,-122.406107,37.761712,00:04:08,"Bayshore Freeway, San Francisco, CA 94110, USA"
17,-122.406435,37.760915,00:04:12,"El Camino Real, San Francisco, CA 94110, USA"
17,-122.406482,37.760017,00:04:16,"El Camino Real, San Francisco, CA 94110, USA"
17,-122.406239,37.759329,00:04:20,"El Camino Real, San Francisco, CA 94110, USA"
17,-122.405629,37.758498,00:04:24,"Bayshore Freeway, San Francisco, CA 94110, USA"
17,-122.404762,37.757821,00:04:28,"El Camino Real, San Francisco, CA 94110, USA"
17,-122.403943,37.757132,00:04:32,"El Camino Real, San Francisco, CA 94110, USA"
17,-122.403369,37.756329,00:04:36,"Bayshore Freeway, San Francisco, CA 94110, USA"
17,-122.403199,37.755361,00:04:40,"Bayshore Freeway, San Francisco, CA 94110, USA"
17,-122.40309,37.754354,00:04:44,"El Camino Real, San Francisco, CA 94107, USA"
17,-122.402987,37.753337,00:04:48,"El Camino Real, San Francisco, CA 94107, USA"
17,-122.402999,37.752314,00:04:52,"El Camino Real, San Francisco, CA 94110, USA"
17,-122.403182,37.751323,00:04:56,"Bayshore Freeway, San Francisco, CA 94110, USA"
17,-122.403486,37.750345,00:05:00,"Bayshore Freeway, San Francisco, CA 94110, USA"
17,-122.403807,37.749364,00:05:04,"Bayshore Freeway, San Francisco, CA 94110, USA"
17,-122.40412,37.748412,00:05:08,"Bayshore Freeway, San Francisco, CA 94110, USA"
17,-122.404427,37.747501,00:05:12,"Bayshore Freeway, San Francisco, CA 94110, USA"
17,-122.404686,37.746609,00:05:16,"Bayshore Freeway, San Francisco, CA 94110, USA"
17,-122.404972,37.745727,00:05:20,"Bayshore Freeway, San Francisco, CA 94110, USA"
17,-122.405291,37.744852,00:05:24,"Bayshore Freeway, San Francisco, CA 94110, USA"
17,-122.405847,37.743891,00:05:28,"El Camino Real, San Francisco, CA 94110, USA"
17,-122.40643,37.743222,00:05:32,"El Camino Real, San Francisco, CA 94110, USA"
17,-122.40707,37.742484,00:05:36,"Bayshore Freeway, San Francisco, CA 94110, USA"
17,-122.407477,37.741879,00:05:40,"El Camino Real, San Francisco, CA 94110, USA"
17,-122.407916,37.741009,00:05:44,"Bayshore Freeway, San Francisco, CA 94110, USA"
17,-122.408201,37.740119,00:05:48,"Bayshore Freeway, San Francisco, CA 94110, USA"
17,-122.408293,37.73903,00:05:52,"700-732 Holladay Avenue, San Francisco, CA 94110, USA"
17,-122.40827,37.738253,00:05:56,"James Lick Freeway & El Camino Real & U.S. 101, San Francisco, CA 94110, USA"
17,-122.408239,37.737503,00:06:00,"James Lick Freeway & El Camino Real & U.S. 101, San Francisco, CA 94110, USA"
17,-122.40832,37.736757,00:06:04,"James Lick Freeway & El Camino Real & U.S. 101, San Francisco, CA 94110, USA"
17,-122.408616,37.736002,00:06:08,"44 Alemany Boulevard, San Francisco, CA 94124, USA"
17,-122.409184,37.735287,00:06:12,"John F. Foran Freeway & El Camino Real & Interstate 280, San Francisco, CA 94110, USA"
17,-122.409798,37.734779,00:06:16,"John F. Foran Freeway & El Camino Real & Interstate 280, San Francisco, CA 94110, USA"
17,-122.410818,37.734197,00:06:20,"John F. Foran Freeway, San Francisco, CA 94134, USA"
17,-122.411889,37.733665,00:06:24,"El Camino Real, San Francisco, CA 94110, USA"
17,-122.412959,37.733126,00:06:28,"El Camino Real, San Francisco, CA 94110, USA"
17,-122.414074,37.732614,00:06:32,"El Camino Real, San Francisco, CA 94110, USA"
17,-122.415252,37.73224,00:06:36,"El Camino Real, San Francisco, CA 94110, USA"
17,-122.416445,37.732043,00:06:40,"El Camino Real, San Francisco, CA 94112, USA"
17,-122.41768,37.732021,00:06:44,"El Camino Real, San Francisco, CA 94112, USA"
17,-122.418939,37.732026,00:06:48,"El Camino Real, San Francisco, CA 94112, USA"
17,-122.420199,37.73198,00:06:52,"El Camino Real, San Francisco, CA 94112, USA"
17,-122.421434,37.731839,00:06:56,"El Camino Real, San Francisco, CA 94110, USA"
17,-122.422661,37.731664,00:07:00,"El Camino Real, San Francisco, CA 94112, USA"
17,-122.423899,37.731556,00:07:04,"El Camino Real, San Francisco, CA 94112, USA"
17,-122.42514,37.731556,00:07:08,"Alemany Boulevard, San Francisco, CA 94112, USA"
17,-122.426374,37.731693,00:07:12,"El Camino Real, San Francisco, CA 94112, USA"
17,-122.42761,37.731938,00:07:16,"El Camino Real, San Francisco, CA 94112, USA"
17,-122.428849,37.732227,00:07:20,"4505-4529 El Camino Real, San Francisco, CA 94112, USA"
17,-122.430055,37.732422,00:07:24,"4531-4555 El Camino Real, San Francisco, CA 94112, USA"
17,-122.43147,37.732455,00:07:28,"4579-4589 El Camino Real, San Francisco, CA 94112, USA"
17,-122.432322,37.732373,00:07:32,"4591-4597 El Camino Real, San Francisco, CA 94112, USA"
17,-122.433685,37.732119,00:07:36,"J-Line Access, San Francisco, CA 94112, USA"
17,-122.434658,37.731873,00:07:40,"1587-1663 San Jose Avenue, San Francisco, CA 94112, USA"
17,-122.435362,37.731705,00:07:48,"1500-1546 San Jose Avenue, San Francisco, CA 94131, USA"
17,-122.435775,37.731627,00:07:52,"36A Monterey Boulevard, San Francisco, CA 94127, USA"
17,-122.4359,37.731612,00:07:56,"50 Monterey Boulevard, San Francisco, CA 94127, USA"
17,-122.436017,37.731605,00:08:08,"50 Monterey Boulevard, San Francisco, CA 94127, USA"
17,-122.436285,37.731589,00:08:12,"62 Monterey Boulevard, San Francisco, CA 94127, USA"
17,-122.436697,37.731608,00:08:16,"68 Monterey Boulevard, San Francisco, CA 94127, USA"
17,-122.437221,37.731648,00:08:20,"86 Monterey Boulevard, San Francisco, CA 94127, USA"
17,-122.437753,37.731668,00:08:24,"Monterey Blvd & Acadia St, San Francisco, CA 94131, USA"
17,-122.438332,37.731683,00:08:28,"134 Monterey Boulevard, San Francisco, CA 94127, USA"
17,-122.43888,37.731694,00:08:32,"160 Monterey Boulevard, San Francisco, CA 94131, USA"
17,-122.439306,37.731692,00:08:36,"178 Monterey Boulevard, San Francisco, CA 94127, USA"
17,-122.439518,37.731697,00:08:40,"190 Monterey Boulevard, San Francisco, CA 94127, USA"
17,-122.439667,37.731701,00:08:44,"190 Baden Street, San Francisco, CA 94131, USA"
17,-122.440127,37.731706,00:08:48,"210 Monterey Boulevard, San Francisco, CA 94127, USA"
17,-122.440767,37.731713,00:08:52,"236 Monterey Boulevard, San Francisco, CA 94131, USA"
17,-122.441412,37.731714,00:08:56,"278 Monterey Boulevard, San Francisco, CA 94127, USA"
17,-122.441717,37.731725,00:09:00,"284 Monterey Boulevard, San Francisco, CA 94127, USA"
17,-122.441783,37.731729,00:09:04,"298 Monterey Boulevard, San Francisco, CA 94131, USA"
17,-122.442269,37.731761,00:09:08,"300 Monterey Boulevard, San Francisco, CA 94131, USA"
17,-122.442936,37.731775,00:09:12,"342 Monterey Boulevard, San Francisco, CA 94127, USA"
17,-122.443673,37.731784,00:09:16,"370 Monterey Boulevard, San Francisco, CA 94131, USA"
17,-122.444416,37.731775,00:09:20,"400 Monterey Boulevard, San Francisco, CA 94127, USA"
17,-122.445163,37.731762,00:09:24,"430 Monterey Boulevard, San Francisco, CA 94127, USA"
18,-122.412077,37.789648,00:00:00,"750-798 Taylor Street, San Francisco, CA 94108, USA"
18,-122.411539,37.789715,00:00:04,"863 Bush Street, San Francisco, CA 94104, USA"
18,-122.410946,37.789781,00:00:08,"825 Bush Street, San Francisco, CA 94104, USA"
18,-122.410314,37.789838,00:00:12,"698 Mason Street, San Francisco, CA 94108, USA"
18,-122.409681,37.789906,00:00:16,"755 Bush Street, San Francisco, CA 94104, USA"
18,-122.409132,37.789981,00:00:20,"701 Bush Street, San Francisco, CA 94104, USA"
18,-122.408656,37.790033,00:00:24,"560 Powell Street, San Francisco, CA 94108, USA"
18,-122.40821,37.790094,00:00:28,"645 Bush Street, San Francisco, CA 94104, USA"
18,-122.407856,37.790187,00:00:32,"635 Bush Street, San Francisco, CA 94104, USA"
18,-122.407366,37.790306,00:00:36,"611 Bush Street, San Francisco, CA 94108, USA"
18,-122.406841,37.790414,00:00:40,"590 Bush Street, San Francisco, CA 94104, USA"
18,-122.406298,37.790511,00:00:44,"28 Chatham Place, San Francisco, CA 94108, USA"
18,-122.405665,37.790572,00:00:48,"502 Bush Street, San Francisco, CA 94108, USA"
18,-122.405009,37.790639,00:00:52,"454-460 Bush Street, San Francisco, CA 94108, USA"
18,-122.404338,37.790736,00:00:56,"400-406 Bush Street, San Francisco, CA 94108, USA"
18,-122.403698,37.790833,00:01:00,"2-22 Belden Place, San Francisco, CA 94104, USA"
18,-122.403242,37.790878,00:01:04,"340-350 Bush Street, San Francisco, CA 94104, USA"
18,-122.40285,37.790897,00:01:08,"305-333 Bush Street, San Francisco, CA 94104, USA"
18,-122.402453,37.790924,00:01:12,"149-157 Montgomery Street, San Francisco, CA 94104, USA"
18,-122.402047,37.790978,00:01:16,"Bush St & Montgomery St, San Francisco, CA 94104, USA"
18,-122.401644,37.791043,00:01:20,"263-283 Bush Street, San Francisco, CA 94104, USA"
18,-122.400402,37.790507,00:01:24,"532 Market Street, San Francisco, CA 94104, USA"
18,-122.400341,37.790418,00:01:28,"532 Market Street, San Francisco, CA 94104, USA"
18,-122.40058,37.790541,00:01:32,"2-98 Sansome Street, San Francisco, CA 94104, USA"
18,-122.400826,37.791065,00:01:36,"1-99 Sansome Street, San Francisco, CA 94104, USA"
18,-122.401016,37.791531,00:01:40,"115 Sansome Street, San Francisco, CA 94104, USA"
18,-122.400962,37.791873,00:01:44,"155 Sansome Street, San Francisco, CA 94133, USA"
18,-122.401004,37.792228,00:01:48,"201 Sansome Street, San Francisco, CA 94133, USA"
18,-122.401066,37.792435,00:01:52,"221 San Francisco Bicycle Route 11, San Francisco, CA 94107, USA"
18,-122.401093,37.792592,00:01:56,"331 Sansome Street, San Francisco, CA 94133, USA"
18,-122.401113,37.792687,00:02:04,"233 Sansome Street, San Francisco, CA 94133, USA"
18,-122.400978,37.79269,00:02:16,"238 Sansome Street, San Francisco, CA 94133, USA"
18,-122.400922,37.792833,00:02:20,"238 Sansome Street, San Francisco, CA 94133, USA"
18,-122.400987,37.793069,00:02:24,"351 California Street, San Francisco, CA 94104, USA"
18,-122.401149,37.79338,00:02:28,"306-332 Sansome Street, San Francisco, CA 94104, USA"
18,-122.401228,37.793685,00:02:32,"340 Sansome Street, San Francisco, CA 94111, USA"
18,-122.401272,37.793954,00:02:36,"354-398 Sansome Street, San Francisco, CA 94104, USA"
18,-122.40133,37.7943,00:02:40,"400 Sansome Street, San Francisco, CA 94111, USA"
18,-122.401577,37.794938,00:02:44,"505 Sansome Street, San Francisco, CA 94111, USA"
18,-122.401768,37.795654,00:02:48,"551-599 Sansome Street, San Francisco, CA 94111, USA"
18,-122.401844,37.796195,00:02:52,"619 Sansome Street, San Francisco, CA 94133, USA"
18,-122.401726,37.796408,00:02:56,"630-698 Sansome Street, San Francisco, CA 94111, USA"
18,-122.401533,37.796529,00:03:00,"333-399 Jackson Street, San Francisco, CA 94111, USA"
18,-122.401333,37.796613,00:03:04,"1-99 Custom House Place, San Francisco, CA 94111, USA"
18,-122.401258,37.796657,00:03:08,"2-98 Custom House Place, San Francisco, CA 94111, USA"
18,-122.400993,37.796811,00:03:16,"326 Jackson Street, San Francisco, CA 94111, USA"
18,-122.400867,37.79697,00:03:20,"605 Battery Street, San Francisco, CA 94111, USA"
18,-122.400657,37.797053,00:03:24,"600-698 Battery Street, San Francisco, CA 94111, USA"
18,-122.40037,37.797046,00:03:28,"220 Jackson Street, San Francisco, CA 94111, USA"
18,-122.400198,37.79703,00:03:32,"220 Jackson Street, San Francisco, CA 94111, USA"
18,-122.399862,37.797134,00:03:52,"607 Front Street, San Francisco, CA 94111, USA"
18,-122.399546,37.797223,00:03:56,"600-646 Front Street, San Francisco, CA 94111, USA"
18,-122.39904,37.797239,00:04:00,"600 Front Street, San Francisco, CA 94111, USA"
18,-122.398688,37.797228,00:04:04,"100-128 Jackson Street, San Francisco, CA 94111, USA"
18,-122.398481,37.79722,00:04:08,"520 Davis Street, San Francisco, CA 94111, USA"
18,-122.398189,37.797266,00:04:12,"500 Davis Street, San Francisco, CA 94111, USA"
18,-122.397726,37.797335,00:04:16,"88 Jackson Street, San Francisco, CA 94109, USA"
18,-122.397357,37.79735,00:04:20,"10 Jackson Street, San Francisco, CA 94109, USA"
18,-122.397147,37.797172,00:04:24,"301-399 Drumm Street, San Francisco, CA 94111, USA"
18,-122.397075,37.796849,00:04:28,"370 Drumm Street, San Francisco, CA 94111, USA"
18,-122.397062,37.79673,00:04:32,"301-399 Drumm Street, San Francisco, CA 94111, USA"
18,-122.397042,37.796508,00:04:40,"301-399 Drumm Street, San Francisco, CA 94111, USA"
18,-122.39686,37.79632,00:04:44,"218-298 Drumm Street, San Francisco, CA 94111, USA"
18,-122.396512,37.796338,00:04:48,"15 Washington Street, San Francisco, CA 94111, USA"
18,-122.396118,37.796437,00:04:52,"4-5700 Washington Street, San Francisco, CA 94133, USA"
18,-122.395844,37.796498,00:04:56,"1-13 Washington Street, San Francisco, CA 94111, USA"
18,-122.39567,37.796536,00:05:00,"1-13 Washington Street, San Francisco, CA 94111, USA"
18,-122.395488,37.796507,00:05:04,"222-398 The Embarcadero, San Francisco, CA 94105, USA"
18,-122.395208,37.796262,00:05:08,"222-398 The Embarcadero, San Francisco, CA 94105, USA"
18,-122.394864,37.795866,00:05:12,"166-220 The Embarcadero, San Francisco, CA 94105, USA"
18,-122.394587,37.795429,00:05:16,"38-164 The Embarcadero, San Francisco, CA 94133, USA"
18,-122.394399,37.795141,00:05:20,"38-164 The Embarcadero, San Francisco, CA 94133, USA"
18,-122.394352,37.795077,00:05:28,"38-164 The Embarcadero, San Francisco, CA 94133, USA"
18,-122.394201,37.794887,00:05:48,"26-36 The Embarcadero, San Francisco, CA 94105, USA"
18,-122.393939,37.794663,00:05:52,"26-36 The Embarcadero, San Francisco, CA 94105, USA"
18,-122.393651,37.794457,00:05:56,"20 The Embarcadero, San Francisco, CA 94133, USA"
18,-122.393333,37.794271,00:06:00,"162 The Embarcadero, San Francisco, CA 94133, USA"
18,-122.393012,37.794081,00:06:04,"24 The Embarcadero, San Francisco, CA 94133, USA"
18,-122.392849,37.793947,00:06:08,"24 The Embarcadero, San Francisco, CA 94133, USA"
18,-122.392769,37.793836,00:06:20,"24 The Embarcadero, San Francisco, CA 94133, USA"
18,-122.392539,37.793608,00:06:24,"100 The Embarcadero, San Francisco, CA 94105, USA"
18,-122.392214,37.793323,00:06:28,"100 The Embarcadero, San Francisco, CA 94105, USA"
18,-122.391875,37.793047,00:06:32,"110-152 The Embarcadero, San Francisco, CA 94105, USA"
18,-122.391586,37.792807,00:06:36,"154-164 The Embarcadero, San Francisco, CA 94105, USA"
18,-122.391389,37.792574,00:06:40,"170-178 The Embarcadero, San Francisco, CA 94105, USA"
18,-122.391352,37.792512,00:06:44,"170-178 The Embarcadero, San Francisco, CA 94105, USA"
18,-122.391334,37.792464,00:07:20,"190 The Embarcadero, San Francisco, CA 94105, USA"
19,-122.417392,37.790895,00:00:00,"1029-1091 Hyde Street, San Francisco, CA 94109, USA"
20,-122.405632,37.797036,00:00:00,"601-655 Pacific Avenue, San Francisco, CA 94133, USA"
20,-122.404808,37.796384,00:01:48,"560-598 Jackson Street, San Francisco, CA 94133, USA"
20,-122.40297,37.794651,00:02:20,"565-599 Clay Street, San Francisco, CA 94111, USA"
20,-122.402895,37.793735,00:02:48,"460 Montgomery Street, San Francisco, CA 94111, USA"
20,-122.402994,37.792589,00:03:00,"555 California Street, San Francisco, CA 94109, USA"
20,-122.402054,37.789995,00:03:32,"55-99 Sutter Street, San Francisco, CA 94104, USA"
20,-122.402127,37.78906,00:04:08,"1 Post Street, San Francisco, CA 94104, USA"
21,-122.412852,37.786077,00:00:00,"520 Jones Street, San Francisco, CA 94102, USA"
